{"train_loss": [1.5878906393686931, 1.1309848162333171, 0.9291755148887634, 0.8002196304957072, 0.6926746542506748, 0.605830479865604, 0.5363507026142544, 0.4715892460876041, 0.4083907854504055, 0.36120534745322336, 0.3089803918838501, 0.26699967274136016, 0.23602729956309002, 0.21698921145333183, 0.17335357808007135, 0.16266725777784982, 0.1427550910804007, 0.12115720806386736, 0.1086192846092913, 0.09593783166408539, 0.08980818386740155, 0.08878069443702698, 0.07471638442940182, 0.07456155240270826, 0.0667614229189025, 0.06090829142133395, 0.05849401005539629, 0.0648610009610653, 0.05122361532714632, 0.051757588647471535], "train_acc": [0.40426666666666666, 0.5996222222222222, 0.6754888888888889, 0.7267333333333333, 0.7674666666666666, 0.7965777777777778, 0.8225111111111111, 0.8417555555555556, 0.8643111111111111, 0.8810888888888889, 0.8955333333333333, 0.9102444444444444, 0.9205333333333333, 0.9283777777777777, 0.9424, 0.9458222222222222, 0.9534222222222222, 0.9606666666666667, 0.9656444444444444, 0.9676444444444444, 0.9722222222222222, 0.9717555555555556, 0.9761111111111112, 0.9762222222222222, 0.9785777777777778, 0.9807555555555556, 0.9817555555555556, 0.9798222222222223, 0.9836, 0.9833111111111111], "val_loss": [1.2337804988861083, 1.1726483295440673, 1.0474162803649902, 0.8074168632507325, 0.6468757100105286, 0.7076693454742432, 0.7504270055770874, 0.6231485025405884, 0.5525655262947082, 0.5580224266052246, 0.5404149835586548, 0.5205301345825195, 0.509348754119873, 0.5178284612655639, 0.5446040977478027, 0.6961231519699097, 0.649531381893158, 0.5922811618804932, 0.5427640258789063, 0.739126475906372, 0.6098321270942688, 0.6726385688781739, 0.7305967270851135, 0.6903228733062744, 0.6882074527740478, 0.7584063316345215, 0.7377905275344848, 0.6411258358001709, 0.770460625076294, 0.7653907523155212], "val_acc": [0.5468, 0.5868, 0.6442, 0.717, 0.7758, 0.7646, 0.7326, 0.7934, 0.822, 0.817, 0.8192, 0.835, 0.8358, 0.8388, 0.8426, 0.8118, 0.8346, 0.8496, 0.8564, 0.8366, 0.847, 0.848, 0.84, 0.8474, 0.8522, 0.8452, 0.8312, 0.8484, 0.8408, 0.845]}